filtro;n_si;n_no;win_si;win_no;medio_si;medio_no;delta;falso_si;falso_no;t;p;stabilita
MOMENTUM: forza relativa sopra la mediana;1968;2068;63,5;51,5;14,86;8,59;6,27;67,6;63,8;4,43;0,0;[1.21, 9.12]
MOMENTUM: forza relativa top 30% universo;1005;3031;65,0;54,8;16,02;10,2;5,82;69,2;64,5;3,61;0,0003;[-1.27, 10.12]
POSIZIONE: deep recovery (drawdown <-20%);1055;2981;56,7;57,5;16,32;9,99;6,33;61,0;67,2;3,43;0,0006;[4.54, 7.46]
STRUTTURA: MM200 chiaramente in salita (>1%);862;3174;59,2;56,8;16,56;10,32;6,24;73,5;63,5;3,22;0,0013;[11.2, 2.85]
QUALITÀ: nessun incrocio da 6+ mesi;740;3296;56,2;57,6;15,06;10,88;4,18;58,1;67,2;2,05;0,0404;[-2.72, 7.8]
STRUTTURA: MM200 in salita (>0%);1768;2268;59,2;55,9;12,69;10,84;1,85;70,5;61,7;1,3;0,194;[6.2, -0.68]
QUALITÀ: chiusura nella parte alta della barra;3404;632;57,6;55,7;11,85;10,59;1,26;64,9;69,5;0,7;0,4858;[0.06, 1.91]
MOMENTUM: rendimento 12 mesi > 0;2193;1843;59,1;55,1;12,0;11,23;0,78;67,9;62,7;0,54;0,5908;[5.34, -1.79]
STRUTTURA: MM50 sopra la MM200;1628;2408;56,9;57,6;11,98;11,42;0,56;67,9;64,1;0,38;0,7019;[6.69, -3.04]
QUALITÀ: rottura non estesa (<1,5 ATR);3671;365;57,5;55,3;11,58;12,34;-0,76;67,9;42,4;-0,29;0,7739;[1.7, -2.13]
MOMENTUM: rendimento 6 mesi > 0;2447;1589;58,0;56,3;11,47;11,93;-0,46;63,5;69,0;-0,31;0,7542;[1.11, -1.33]
POSIZIONE: entro il 5% dai massimi a 12 mesi;173;3863;62,4;57,1;9,53;11,74;-2,22;54,6;66,1;-0,87;0,3837;[-3.44, -1.36]
QUALITÀ: RSI 45-75;3600;436;57,6;55,3;11,29;14,59;-3,29;65,5;66,3;-1,12;0,2643;[0.07, -5.39]
STRUTTURA: medie allineate (prezzo>MM50>MM200);581;3455;55,6;57,6;8,85;12,12;-3,27;62,1;66,2;-1,76;0,0784;[-1.49, -4.37]
VOLATILITÀ: compressione Bollinger (<40° pct);1475;2561;54,6;58,9;9,34;12,98;-3,64;65,6;65,6;-2,52;0,0116;[-1.96, -4.61]
VOLATILITÀ: bassa (ATR sotto il 50° pct);2209;1827;54,2;61,0;9,86;13,82;-3,96;64,2;67,3;-2,76;0,0058;[1.05, -6.76]
POSIZIONE: drawdown recente contenuto (>-15%);2203;1833;59,0;55,3;9,79;13,89;-4,1;66,3;64,8;-2,79;0,0053;[-2.52, -4.99]
BREADTH: ≥65% dei titoli sopra la propria MM200;1552;2484;50,1;61,8;7,64;14,15;-6,51;63,1;67,2;-4,34;0,0;[2.71, -12.22]
BREADTH: ≥50% dei titoli sopra la propria MM200;2436;1600;52,5;64,7;9,08;15,57;-6,49;63,3;69,5;-4,57;0,0;[6.46, -13.84]
REGIME: FTSE MIB con MM200 in salita;2156;1880;52,5;62,8;8,55;15,21;-6,66;67,2;63,6;-4,71;0,0;[11.31, -17.01]
REGIME: FTSE MIB sopra la sua MM200;2369;1667;52,4;64,3;8,74;15,78;-7,04;62,4;70,7;-4,96;0,0;[4.5, -14.03]
