gruppo;n;win_rate;rend_medio;mediana;baseline;delta;t_vs_base;p_vs_base;sezione;t_vs_resto;p_vs_resto;orizzonte;n_conferma;rend_conferma;n_no;rend_no;t;p
volume 0-1x;1527,0;56,8;11,37;5,85;12,81;-1,44;-1,28;0,2003;A;;;;;;;;;
volume 1-1.5x;933,0;60,0;12,02;7,32;12,81;-0,79;-0,59;0,5527;A;;;;;;;;;
volume 1.5-2x;514,0;59,3;10,35;8,62;12,81;-2,47;-1,27;0,2057;A;;;;;;;;;
volume 2-3x;481,0;55,3;10,22;3,72;12,81;-2,59;-1,29;0,1973;A;;;;;;;;;
volume ≥3x;580,0;54,0;14,12;3,83;12,81;1,3;0,57;0,5722;A;;;;;;;;;
struttura OK + vol ≥1,5x;321,0;58,9;14,57;6,37;12,81;1,75;0,67;0,5009;B;;;;;;;;;
struttura OK + vol <1,5x;797,0;58,8;13,37;7,26;12,81;0,55;0,33;0,7396;B;;;;;;;;;
struttura NO + vol ≥1,5x;1244,0;55,3;10,85;4,8;12,81;-1,96;-1,41;0,1593;B;;;;;;;;;
struttura NO + vol <1,5x;1648,0;57,6;10,76;5,95;12,81;-2,05;-2,05;0,041;B;;;;;;;;;
chiusura nella parte alta della barra (close_pos ≥0,7);3059,0;57,7;11,55;6,33;12,81;-1,27;-1,58;0,1143;C;-0,24;0,8097;;;;;;;
volume ≥1,5x la media 50;1576,0;56,2;11,7;5,27;12,81;-1,12;-0,91;0,3616;C;0,05;0,9573;;;;;;;
volume ≥2x la media 50;1062,0;54,6;12,35;3,78;12,81;-0,46;-0,3;0,7656;C;0,55;0,584;;;;;;;
volume sostenuto (media 5 gg ≥1,5x);951,0;56,9;12,69;5,59;12,81;-0,13;-0,08;0,9347;C;0,78;0,4346;;;;;;;
percentile volume ≥90;1100,0;55,9;12,06;5,16;12,81;-0,75;-0,5;0,6199;C;0,33;0,7392;;;;;;;
compressione: vol pre-rottura sotto la media (rv_pre5 <1);2685,0;56,1;11,11;5,33;12,81;-1,7;-1,92;0,0545;C;-1,08;0,2807;;;;;;;
volume in accumulo (vol20_50 ≥1,2);888,0;58,3;12,16;7,16;12,81;-0,65;-0,45;0,6551;C;0,39;0,694;;;;;;;
OBV sopra la sua media 50;2843,0;57,8;11,94;6,49;12,81;-0,87;-1,03;0,3021;C;0,64;0,5245;;;;;;;
pendenza OBV 20g positiva;2746,0;57,8;12,31;6,68;12,81;-0,5;-0,57;0,5687;C;1,4;0,1629;;;;;;;
MFI 50-85 (afflussi senza ipercomprato);2550,0;57,2;11,46;6,25;12,81;-1,36;-1,52;0,1286;C;-0,35;0,723;;;;;;;
rapporto volumi su/giù 20g ≥1,2;2266,0;57,7;12,73;6,69;12,81;-0,09;-0,09;0,9285;C;1,74;0,0822;;;;;;;
espansione range (range ≥1,3x ATR);1749,0;55,7;11,56;5,18;12,81;-1,26;-1,11;0,2677;C;-0,11;0,9128;;;;;;;
corpo ampio (≥50% del range);2817,0;57,6;11,82;6,37;12,81;-0,99;-1,14;0,2536;C;0,38;0,7047;;;;;;;
punteggio volume = 0;123,0;52,0;14,05;0,48;12,81;1,23;0,22;0,8253;D;;;;;;;;;
punteggio volume = 1;543,0;58,0;10,09;6,98;12,81;-2,73;-1,62;0,1064;D;;;;;;;;;
punteggio volume = 2;579,0;54,4;8,34;3,59;12,81;-4,47;-2,79;0,0055;D;;;;;;;;;
punteggio volume = 3;756,0;59,9;13,52;8,66;12,81;0,7;0,42;0,6732;D;;;;;;;;;
punteggio volume = 4;907,0;58,9;12,85;7,61;12,81;0,04;0,03;0,9795;D;;;;;;;;;
punteggio volume = 5;495,0;58,6;13,85;7,3;12,81;1,04;0,43;0,6643;D;;;;;;;;;
punteggio volume = 6;633,0;54,0;9,88;3,66;12,81;-2,94;-1,55;0,1206;D;;;;;;;;;
punteggio volume ≥4;2035,0;57,3;12,17;6,31;12,81;-0,65;-0,62;0,5345;D;;;;;;;;;
;;;;;;;;;E;;;21,0;1972,0;0,49;2315,0;0,7;-0,73;0,4669
;;;;;;;;;E;;;63,0;1953,0;2,39;2290,0;1,97;0,79;0,4278
;;;;;;;;;E;;;126,0;1919,0;5,26;2227,0;5,27;-0,01;0,9885
;;;;;;;;;E;;;250,0;1863,0;11,42;2167,0;11,49;-0,05;0,9573
tutte le rotture | 2005-2014;1453,0;58,0;11,84;7,33;12,81;-0,97;-0,85;0,3952;F;;;;;;;;;
tutte le rotture | 2015-2026;2583,0;56,9;11,54;5,53;12,81;-1,27;-1,41;0,1593;F;;;;;;;;;
struttura OK | 2005-2014;467,0;62,5;17,25;12,24;12,81;4,43;2,1;0,0363;F;;;;;;;;;
struttura OK | 2015-2026;651,0;56,2;11,18;4,24;12,81;-1,64;-0,88;0,3812;F;;;;;;;;;
struttura OK + vol ≥1,5x | 2005-2014;135,0;61,5;15,69;12,37;12,81;2,88;0,82;0,416;F;;;;;;;;;
struttura OK + vol ≥1,5x | 2015-2026;186,0;57,0;13,75;3,71;12,81;0,94;0,25;0,7998;F;;;;;;;;;
struttura OK + vol <1,5x | 2005-2014;332,0;63,0;17,88;11,98;12,81;5,07;1,95;0,0526;F;;;;;;;;;
struttura OK + vol <1,5x | 2015-2026;465,0;55,9;10,15;4,34;12,81;-2,67;-1,24;0,2169;F;;;;;;;;;
score volume ≥4 | 2005-2014;748,0;58,8;12,34;7,72;12,81;-0,47;-0,3;0,7654;F;;;;;;;;;
score volume ≥4 | 2015-2026;1287,0;56,4;12,07;5,25;12,81;-0,75;-0,55;0,5837;F;;;;;;;;;
illiquidi (<1 M€/d);2022,0;56,2;13,75;5,27;12,81;0,93;0,88;0,3802;G;;;;;;;;;
medi (1-10 M€/d);1099,0;57,1;9,76;5,81;12,81;-3,06;-2,26;0,024;G;;;;;;;;;
liquidi (>10 M€/d);915,0;60,1;9,28;7,85;12,81;-3,53;-2,76;0,0059;G;;;;;;;;;
